Year,site,r95ptot,rx1day
1960,Auckland,0,0
1961,Auckland,0,0
1962,Auckland,0,0
1963,Auckland,34.24417406,56.4
1964,Auckland,31.89158016,44.7
1965,Auckland,33.39581615,70.4
1966,Auckland,31.24754034,66.5
1967,Auckland,37.46610796,139.4
1968,Auckland,19.86384634,58.4
1969,Auckland,26.7946185,58.9
1970,Auckland,32.9884955,80.3
1971,Auckland,27.30793479,64.7
1972,Auckland,27.95676998,68.5
1973,Auckland,16.12903226,65.1
1974,Auckland,23.75152253,38
1975,Auckland,21.20684919,88.8
1976,Auckland,35.94574228,97
1977,Auckland,17.5311305,71
1978,Auckland,20.92925026,56
1979,Auckland,39.40422067,87.6
1980,Auckland,24.9553837,63.2
1981,Auckland,14.09395973,58
1982,Auckland,28.56614474,41.1
1983,Auckland,27.80597857,39.8
1984,Auckland,30.88813204,66.2
1985,Auckland,43.65348399,161.8
1986,Auckland,31.24052439,56.1
1987,Auckland,7.340946166,36.9
1988,Auckland,27.53521127,141.6
1989,Auckland,22.21610714,61.8
1990,Auckland,22.20424155,54.9
1991,Auckland,30.34071998,50.5
1992,Auckland,31.68761221,65
1993,Auckland,25.68454962,63
1994,Auckland,8.549147973,56
1995,Auckland,23.35995436,59
1996,Auckland,26.20614035,66.4
1997,Auckland,28.62198168,81
1998,Auckland,35.39457127,71.6
1999,Auckland,33.58778626,63.2
2000,Auckland,30.63345754,64.4
2001,Auckland,28.94609034,57
2002,Auckland,20.53121365,49.8
2003,Auckland,19.32166697,62.8
2004,Auckland,26.60550459,84.8
2005,Auckland,16.98033411,35
2006,Auckland,21.73673582,72.4
2007,Auckland,20.89655172,57.6
2008,Auckland,22.43024302,57.8
2009,Auckland,13.39597902,50.4
2010,Auckland,17.5716118,38.8
2011,Auckland,37.82564401,72.6
2012,Auckland,23.02504817,44.2
2013,Auckland,25.72154656,39
2014,Auckland,26.37907998,51.2
2015,Auckland,25.02179791,65.2
2016,Auckland,23.11431143,46.6
1960,Blenheim,12.78262418,38.3
1961,Blenheim,17.46060828,56.3
1962,Blenheim,34.46157051,79.2
1963,Blenheim,42.53452244,47.1
1964,Blenheim,8.162606872,50.6
1965,Blenheim,10.68904594,30.9
1966,Blenheim,29.92434125,82.7
1967,Blenheim,25.98621499,48.1
1968,Blenheim,27.62478485,51.1
1969,Blenheim,6.380232344,34.6
1970,Blenheim,33.93059937,61.2
1971,Blenheim,18.75887532,54.5
1972,Blenheim,23.36800574,64.2
1973,Blenheim,15.11024643,40.1
1974,Blenheim,24.15948875,48.5
1975,Blenheim,25.70151478,56.8
1976,Blenheim,28.49512619,79.3
1977,Blenheim,25.76506749,52.2
1978,Blenheim,12.77463905,43.1
1979,Blenheim,18.31771531,48.8
1980,Blenheim,18.23079815,78.5
1981,Blenheim,24.85178657,45.5
1982,Blenheim,16.65980231,42.8
1983,Blenheim,25.29737206,65.9
1984,Blenheim,10.34804226,66.6
1985,Blenheim,21.59909592,50.7
1986,Blenheim,26.69915363,63.4
1987,Blenheim,34.1282536,67.8
1988,Blenheim,20.25886325,41.7
1989,Blenheim,22.86171063,38.3
1990,Blenheim,21.0577547,40.5
1991,Blenheim,5.693641618,39.4
1992,Blenheim,15.42424242,38.8
1993,Blenheim,36.78856866,76.8
1994,Blenheim,26.64052288,60
1995,Blenheim,39.03028051,102.4
1996,Blenheim,13.17659923,34.6
1997,Blenheim,10.36953243,55
1998,Blenheim,32.73381295,101.6
1999,Blenheim,18.09468487,35.8
2000,Blenheim,13.08119362,44
2001,Blenheim,26.52705061,46.2
2002,Blenheim,25.39560015,39.8
2003,Blenheim,7.41516548,35.4
2004,Blenheim,19.01668389,35.6
2005,Blenheim,7.299270073,36
2006,Blenheim,13.83951682,42.2
2007,Blenheim,15.24714829,48.4
2008,Blenheim,43.50207974,70
2009,Blenheim,40.45782533,50
2010,Blenheim,27.40975803,70.8
2011,Blenheim,14.09714889,45
2012,Blenheim,19.94502138,38
2013,Blenheim,27.01979668,50
2014,Blenheim,13.5862069,45.2
2015,Blenheim,14.97724452,38.8
2016,Blenheim,18.16417083,55.4
1960,Christchurch,29.54059829,40.6
1961,Christchurch,40.10491178,42.7
1962,Christchurch,16.34129923,73.7
1963,Christchurch,28.76360339,79.5
1964,Christchurch,27.1315978,34.3
1965,Christchurch,18.53448276,36.6
1966,Christchurch,22.29050279,34.8
1967,Christchurch,24.99074417,39.4
1968,Christchurch,32.28655545,70.6
1969,Christchurch,15.08196721,31.8
1970,Christchurch,9.081346424,28.2
1971,Christchurch,6.047720293,25.6
1972,Christchurch,25.24326347,28.3
1973,Christchurch,20.1750547,43
1974,Christchurch,34.02272437,74.6
1975,Christchurch,49.57207207,101.5
1976,Christchurch,17.04035874,39.5
1977,Christchurch,23.4286485,77
1978,Christchurch,47.43992814,59.6
1979,Christchurch,35.97093258,53.3
1980,Christchurch,35.85531512,110.4
1981,Christchurch,23.91548242,36.7
1982,Christchurch,6.405063291,25.3
1983,Christchurch,14.504336,35.3
1984,Christchurch,31.8705156,51
1985,Christchurch,29.72129784,36.2
1986,Christchurch,37.13723561,57.9
1987,Christchurch,38.36655495,38.8
1988,Christchurch,0,18.1
1989,Christchurch,22.01330633,43
1990,Christchurch,28.03720577,41.2
1991,Christchurch,32.7093755,35.3
1992,Christchurch,16.21539858,56.5
1993,Christchurch,20.50542741,41
1994,Christchurch,29.62612399,63.8
1995,Christchurch,17.30438857,55.4
1996,Christchurch,27.05444707,39.2
1997,Christchurch,20.30178326,34.6
1998,Christchurch,6.190581472,28
1999,Christchurch,15.59026735,38.2
2000,Christchurch,33.60239163,54.8
2001,Christchurch,22.74247492,43.4
2002,Christchurch,27.38755391,43.6
2003,Christchurch,23.72558361,41.2
2004,Christchurch,12.33140655,44.4
2005,Christchurch,5.743243243,23.8
2006,Christchurch,28.87837319,54
2007,Christchurch,27.12895377,37.4
2008,Christchurch,37.67103348,51.6
2009,Christchurch,4.87804878,28
2010,Christchurch,27.73835236,45.6
2011,Christchurch,22.76206323,31.2
2012,Christchurch,39.04419803,44.6
2013,Christchurch,16.34730539,55.6
2014,Christchurch,35.33419857,58.6
2015,Christchurch,16.7866522,40.2
2016,Christchurch,24.75427739,34.4
1960,Dannevirke,14.13362303,36.9
1961,Dannevirke,44.59132538,65.6
1962,Dannevirke,18.00758829,39.4
1963,Dannevirke,26.96973266,70.3
1964,Dannevirke,23.67753071,44.5
1965,Dannevirke,30.30450275,119.6
1966,Dannevirke,37.35617268,68.1
1967,Dannevirke,23.14785707,120.1
1968,Dannevirke,17.0994422,47.3
1969,Dannevirke,20.28662046,49.9
1970,Dannevirke,31.29597675,65.3
1971,Dannevirke,31.71314062,72.4
1972,Dannevirke,26.84255501,87.9
1973,Dannevirke,35.82702905,77.6
1974,Dannevirke,40.5174538,64.1
1975,Dannevirke,22.72098253,41.9
1976,Dannevirke,25.69393718,51.8
1977,Dannevirke,21.42257854,36.8
1978,Dannevirke,21.21627801,64.2
1979,Dannevirke,22.43061476,48.9
1980,Dannevirke,25.24065082,78.6
1981,Dannevirke,11.4673665,38.7
1982,Dannevirke,16.79516834,58.9
1983,Dannevirke,12.94292383,35.1
1984,Dannevirke,17.29541497,33.7
1985,Dannevirke,27.21095233,66.7
1986,Dannevirke,23.73005877,49.5
1987,Dannevirke,22.10001134,55
1988,Dannevirke,37.20703125,65.1
1989,Dannevirke,17.55201958,32.4
1990,Dannevirke,22.4831508,52.4
1991,Dannevirke,30.93586846,99.2
1992,Dannevirke,33.49761526,89.2
1993,Dannevirke,4.892141757,38.1
1994,Dannevirke,9.729848452,51.4
1995,Dannevirke,29.12999455,87.1
1996,Dannevirke,18.32001559,45.1
1997,Dannevirke,29.27294637,58.8
1998,Dannevirke,11.92173124,37.4
1999,Dannevirke,35.01204292,68
2000,Dannevirke,27.13708125,70.7
2001,Dannevirke,30.29137417,47.5
2002,Dannevirke,25.66191446,63.3
2003,Dannevirke,32.32304217,74.7
2004,Dannevirke,33.76577593,140.8
2005,Dannevirke,16.64662016,44.1
2006,Dannevirke,30.30384997,60.1
2007,Dannevirke,13.36589127,42.6
2008,Dannevirke,6.587914584,32.2
2009,Dannevirke,43.57745082,64.4
2010,Dannevirke,16.9,51
2011,Dannevirke,24.09662607,84.2
2012,Dannevirke,22.34268707,49.8
2013,Dannevirke,32.29697411,58.8
2014,Dannevirke,24.47160682,35.8
2015,Dannevirke,21.37087468,70.4
2016,Dannevirke,12.06129511,39.2
1960,Dunedin,23.02421197,36.3
1961,Dunedin,14.35072322,24.3
1962,Dunedin,19.47548107,32.2
1963,Dunedin,23.2880629,38.1
1964,Dunedin,11.3345521,55.8
1965,Dunedin,4.746263754,28.9
1966,Dunedin,25.87438887,62.3
1967,Dunedin,9.903295129,30.5
1968,Dunedin,41.00187705,80.9
1969,Dunedin,31.45451699,31.6
1970,Dunedin,24.11206369,27.3
1971,Dunedin,37.04614494,52.3
1972,Dunedin,32.35053235,61.5
1973,Dunedin,11.47123088,22.9
1974,Dunedin,25.51961459,41.6
1975,Dunedin,15.73100281,44.6
1976,Dunedin,22.99150882,41.8
1977,Dunedin,19.09889838,50.7
1978,Dunedin,35.16845703,37.3
1979,Dunedin,13.21572269,35.5
1980,Dunedin,36.23990773,106.2
1981,Dunedin,24.32232262,31.1
1982,Dunedin,29.55004327,33.9
1983,Dunedin,38.09116461,63.8
1984,Dunedin,25.90970859,41.9
1985,Dunedin,9.267734554,21.2
1986,Dunedin,31.25659979,61
1987,Dunedin,32.63021954,34.8
1988,Dunedin,22.04608295,43.4
1989,Dunedin,10.53517334,21.3
1990,Dunedin,19.80551697,34.6
1991,Dunedin,23.11738649,58.4
1992,Dunedin,23.67908788,25.7
1993,Dunedin,14.04339853,30.8
1994,Dunedin,33.79972565,40
1995,Dunedin,10.12759171,21.6
1996,Dunedin,12.28257961,25.5
1997,Dunedin,20.05638341,44.5
1998,Dunedin,16.42072214,57.6
1999,Dunedin,18.2010582,39.8
2000,Dunedin,36.96849526,54.2
2001,Dunedin,6.986190089,34.4
2002,Dunedin,22.76222701,30.6
2003,Dunedin,19.63381379,38.8
2004,Dunedin,21.06113655,65.8
2005,Dunedin,29.90714057,48
2006,Dunedin,25.24303305,82
2007,Dunedin,30.6271777,75.8
2008,Dunedin,31.19883041,55.2
2009,Dunedin,26.73796791,48.6
2010,Dunedin,37.64076577,57.6
2011,Dunedin,29.28727046,54.6
2012,Dunedin,25.19923056,42.2
2013,Dunedin,29.66684294,47.6
2014,Dunedin,22.15365628,29
2015,Dunedin,30.82171462,113.4
2016,Dunedin,35.97058824,43.8
1960,Gisborne,35.88601959,100.1
1961,Gisborne,33.01241937,111
1962,Gisborne,35.44647262,83.8
1963,Gisborne,8.602685231,69.2
1964,Gisborne,36.58570827,87.1
1965,Gisborne,40.41723202,108.3
1966,Gisborne,25.84745763,72.3
1967,Gisborne,10.06357203,45.1
1968,Gisborne,20.80605565,71.4
1969,Gisborne,12.34145104,63.1
1970,Gisborne,26.08853741,70.4
1971,Gisborne,33.06560576,64.6
1972,Gisborne,30.42863872,57.3
1973,Gisborne,29.9132797,66.2
1974,Gisborne,27.63258704,65
1975,Gisborne,23.19983612,64.4
1976,Gisborne,17.73468488,58.6
1977,Gisborne,47.56978778,149.6
1978,Gisborne,39.58378262,144
1979,Gisborne,18.78618114,52.6
1980,Gisborne,28.99082569,49.9
1981,Gisborne,22.90253647,76.1
1982,Gisborne,20.05141388,97.6
1983,Gisborne,19.03040043,62.5
1984,Gisborne,21.54744847,83.2
1985,Gisborne,26.41196013,191.5
1986,Gisborne,5.097536665,35.8
1987,Gisborne,18.55298709,66.6
1988,Gisborne,50.49219911,149.5
1989,Gisborne,24.55042313,107.7
1990,Gisborne,24.25898676,95.6
1991,Gisborne,40.70441373,65
1992,Gisborne,27.8842862,102
1993,Gisborne,25.49941246,55.2
1994,Gisborne,34.93693165,64.6
1995,Gisborne,4.974068835,42.2
1996,Gisborne,39.92447648,119.4
1997,Gisborne,37.00107875,108.6
1998,Gisborne,16.38181232,61.8
1999,Gisborne,32.57691468,60
2000,Gisborne,34.61538462,50.2
2001,Gisborne,25.74144487,66.2
2002,Gisborne,18.50746269,72.4
2003,Gisborne,21.83679272,50.4
2004,Gisborne,27.8668768,65.4
2005,Gisborne,36.98198986,145.6
2006,Gisborne,30.93812375,67.6
2007,Gisborne,25.99700897,53.2
2008,Gisborne,30.02427184,60.8
2009,Gisborne,39.92609537,84.8
2010,Gisborne,30.91254097,110.8
2011,Gisborne,43.29641117,75.2
2012,Gisborne,42.49050167,152.8
2013,Gisborne,27.08397259,79.6
2014,Gisborne,28.89423967,88
2015,Gisborne,36.2482695,99
2016,Gisborne,22.76764843,45.4
1960,Gore,0,0
1961,Gore,0,0
1962,Gore,0,0
1963,Gore,0,0
1964,Gore,0,0
1965,Gore,0,0
1966,Gore,0,0
1967,Gore,0,0
1968,Gore,0,0
1969,Gore,0,0
1970,Gore,0,0
1971,Gore,0,0
1972,Gore,19.24486804,34.7
1973,Gore,2.730673317,21.9
1974,Gore,7.439926063,26.3
1975,Gore,19.11462279,39.4
1976,Gore,3.48036716,27.3
1977,Gore,17.53609688,39.3
1978,Gore,28.2674772,90
1979,Gore,19.99238385,42.8
1980,Gore,30.11579347,83.3
1981,Gore,8.34670947,23.3
1982,Gore,24.1126865,47.7
1983,Gore,30.28368794,61.3
1984,Gore,25.81735069,68.4
1985,Gore,9.15042188,23.2
1986,Gore,21.11025102,36.7
1987,Gore,24.28240328,48.4
1988,Gore,41.79255511,40
1989,Gore,25.72769953,62.2
1990,Gore,20.82777036,36
1991,Gore,14.48391223,30.4
1992,Gore,20.56237108,39
1993,Gore,13.70476738,31.5
1994,Gore,19.42380128,37.8
1995,Gore,20.68408839,32.8
1996,Gore,15.2916074,30
1997,Gore,26.28923767,61.4
1998,Gore,20.61102502,52.8
1999,Gore,21.15949119,41.4
2000,Gore,19.17583704,45
2001,Gore,18.81954523,48.6
2002,Gore,14.15012107,30.1
2003,Gore,15.11006904,24.6
2004,Gore,14.96586732,37.8
2005,Gore,26.12556795,43
2006,Gore,26.42786939,37.8
2007,Gore,14.29704017,23.6
2008,Gore,23.26190476,26
2009,Gore,15.147155,27
2010,Gore,23.61814702,40
2011,Gore,17.07575116,64
2012,Gore,21.48382177,36.4
2013,Gore,24.05247813,53.8
2014,Gore,21.65013716,30
2015,Gore,10.83068362,44.6
2016,Gore,18.20518813,33.8
1960,Hamilton,21.11329083,80.3
1961,Hamilton,22.49348644,85.3
1962,Hamilton,25.46046945,60.3
1963,Hamilton,10.46640141,56.5
1964,Hamilton,15.27314174,79
1965,Hamilton,20.43710377,95.3
1966,Hamilton,31.18811881,67.5
1967,Hamilton,35.66403133,134.1
1968,Hamilton,12.55063883,53.5
1969,Hamilton,18.18350496,49.2
1970,Hamilton,13.7065278,77
1971,Hamilton,24.64922537,45.5
1972,Hamilton,37.06091596,79.8
1973,Hamilton,20.55003044,44.3
1974,Hamilton,20.13988371,74.6
1975,Hamilton,22.21498901,48.9
1976,Hamilton,31.01326405,88.3
1977,Hamilton,28.94166734,81.1
1978,Hamilton,30.00410172,51
1979,Hamilton,26.50147929,59
1980,Hamilton,13.21933574,43.5
1981,Hamilton,11.26019022,68.2
1982,Hamilton,23.93189509,50.6
1983,Hamilton,28.40365828,41
1984,Hamilton,20.19477191,52.7
1985,Hamilton,32.13774455,80.1
1986,Hamilton,33.0440066,73.7
1987,Hamilton,20.13717904,97.2
1988,Hamilton,19.01972607,41.8
1989,Hamilton,15.8619005,74.5
1990,Hamilton,16.43642305,70
1991,Hamilton,24.75338572,37.4
1992,Hamilton,19.29093625,44.8
1993,Hamilton,21.88576799,40.8
1994,Hamilton,8.895311496,45
1995,Hamilton,31.78241997,51
1996,Hamilton,32.31699127,70.2
1997,Hamilton,13.55769231,56.8
1998,Hamilton,37.59632727,58.8
1999,Hamilton,14.16044776,46
2000,Hamilton,8.915085651,63
2001,Hamilton,27.99865794,52.6
2002,Hamilton,14.87826871,51
2003,Hamilton,22.59400084,80.4
2004,Hamilton,24.76501839,83
2005,Hamilton,23.46098648,51.8
2006,Hamilton,26.02588384,49.8
2007,Hamilton,25.69979335,55
2008,Hamilton,23.1861999,50.6
2009,Hamilton,14.64462501,50.2
2010,Hamilton,18.63170832,78.4
2011,Hamilton,35.27867131,72.6
2012,Hamilton,26.83234714,57.8
2013,Hamilton,16.55081721,68.8
2014,Hamilton,21.27618682,52.6
2015,Hamilton,19.83017867,66.8
2016,Hamilton,3.378319547,38.8
1960,Hokitika,0,0
1961,Hokitika,0,0
1962,Hokitika,0,0
1963,Hokitika,0,0
1964,Hokitika,15.76539781,138.4
1965,Hokitika,14.08132264,86.4
1966,Hokitika,17.85197042,96
1967,Hokitika,29.29995364,166.1
1968,Hokitika,28.7192294,119.1
1969,Hokitika,18.87037262,92.2
1970,Hokitika,27.7647379,85.1
1971,Hokitika,21.50830955,84.6
1972,Hokitika,32.31917529,175.3
1973,Hokitika,12.98598464,89.4
1974,Hokitika,27.4434318,101.3
1975,Hokitika,18.99621149,85.8
1976,Hokitika,15.99351301,110.8
1977,Hokitika,5.085927567,71.7
1978,Hokitika,37.24753738,137.8
1979,Hokitika,23.62642425,117.8
1980,Hokitika,12.99902263,79.1
1981,Hokitika,27.30235108,103.4
1982,Hokitika,9.900268508,79.1
1983,Hokitika,33.88538459,166.3
1984,Hokitika,18.69593686,143.4
1985,Hokitika,16.46173689,88
1986,Hokitika,14.4874931,100.6
1987,Hokitika,26.47362311,128.9
1988,Hokitika,17.05950916,110.5
1989,Hokitika,25.72506317,100.1
1990,Hokitika,18.04420323,144
1991,Hokitika,16.95127337,121
1992,Hokitika,34.9107482,123.5
1993,Hokitika,22.99372789,103.5
1994,Hokitika,22.03164136,101.8
1995,Hokitika,26.45904509,79
1996,Hokitika,28.63815143,116.8
1997,Hokitika,13.78851349,109.5
1998,Hokitika,26.62196144,140
1999,Hokitika,26.13249641,113.3
2000,Hokitika,29.79737783,109.5
2001,Hokitika,13.80643279,82.3
2002,Hokitika,17.55861453,90
2003,Hokitika,14.46147473,85.4
2004,Hokitika,14.60423263,91.1
2005,Hokitika,24.55562095,148.5
2006,Hokitika,28.3025981,157.2
2007,Hokitika,17.22433305,135.1
2008,Hokitika,14.52786918,71.2
2009,Hokitika,24.55053794,151
2010,Hokitika,28.12478384,88.4
2011,Hokitika,21.57684251,127.3
2012,Hokitika,30.76609163,97.6
2013,Hokitika,20.61797115,80.1
2014,Hokitika,13.91746955,88
2015,Hokitika,31.21842543,211.3
2016,Hokitika,33.0214769,156.1
1960,Invercargill,22.45736593,39.9
1961,Invercargill,12.37903962,39.9
1962,Invercargill,14.17389465,40.6
1963,Invercargill,14.19100891,34
1964,Invercargill,22.38346949,46
1965,Invercargill,24.94880826,43.2
1966,Invercargill,19.22178079,27.4
1967,Invercargill,21.4350045,39.6
1968,Invercargill,22.06485278,42.2
1969,Invercargill,7.221393962,27.4
1970,Invercargill,24.71140677,37.6
1971,Invercargill,19.3562278,34.8
1972,Invercargill,27.68444631,41.6
1973,Invercargill,7.370270829,25.9
1974,Invercargill,9.100139612,25.7
1975,Invercargill,9.982389471,29.9
1976,Invercargill,10.00651183,42.3
1977,Invercargill,28.95914941,43
1978,Invercargill,25.70751924,51
1979,Invercargill,25.9994164,50.4
1980,Invercargill,25.8615936,73.4
1981,Invercargill,15.21263438,25.7
1982,Invercargill,28.02912922,43
1983,Invercargill,20.93062894,51.8
1984,Invercargill,29.23834976,134.4
1985,Invercargill,22.03217267,43.8
1986,Invercargill,28.95970009,32
1987,Invercargill,18.54817187,53.9
1988,Invercargill,24.55385097,44.9
1989,Invercargill,26.60316862,49.7
1990,Invercargill,14.45062874,33.6
1991,Invercargill,17.38947368,67.2
1992,Invercargill,10.54316295,29.7
1993,Invercargill,16.59777717,35
1994,Invercargill,21.44226162,42.4
1995,Invercargill,30.46127067,26.9
1996,Invercargill,20.23857663,33
1997,Invercargill,21.01973935,64.3
1998,Invercargill,14.64410239,32.3
1999,Invercargill,28.11530743,52.3
2000,Invercargill,12.54800307,29.8
2001,Invercargill,26.17876772,52.5
2002,Invercargill,13.27794325,45.9
2003,Invercargill,14.55117491,31
2004,Invercargill,21.02234512,62.3
2005,Invercargill,24.43269844,35.5
2006,Invercargill,20,34.5
2007,Invercargill,18.35106383,37.5
2008,Invercargill,17.84838678,41.4
2009,Invercargill,15.00048109,30.5
2010,Invercargill,25.94479437,43.6
2011,Invercargill,27.61489046,53.8
2012,Invercargill,26.19609323,33.3
2013,Invercargill,22.35431865,46
2014,Invercargill,14.46425289,38.4
2015,Invercargill,12.60185185,40.7
2016,Invercargill,9.8770214,28.6
1960,Kerikeri,0,0
1961,Kerikeri,0,0
1962,Kerikeri,0,0
1963,Kerikeri,0,0
1964,Kerikeri,0,0
1965,Kerikeri,0,0
1966,Kerikeri,0,0
1967,Kerikeri,0,0
1968,Kerikeri,0,0
1969,Kerikeri,0,0
1970,Kerikeri,0,0
1971,Kerikeri,0,0
1972,Kerikeri,0,0
1973,Kerikeri,0,0
1974,Kerikeri,0,0
1975,Kerikeri,0,0
1976,Kerikeri,0,0
1977,Kerikeri,0,0
1978,Kerikeri,0,0
1979,Kerikeri,0,0
1980,Kerikeri,0,0
1981,Kerikeri,0,0
1982,Kerikeri,18.53686553,83
1983,Kerikeri,31.64022518,125.3
1984,Kerikeri,17.31354179,150
1985,Kerikeri,41.00300194,132.3
1986,Kerikeri,32.24786784,163.2
1987,Kerikeri,28.47042485,73.5
1988,Kerikeri,35.13323983,136.4
1989,Kerikeri,42.41725338,120.4
1990,Kerikeri,19.86357999,65.5
1991,Kerikeri,15.2172199,65.6
1992,Kerikeri,21.32126907,111.2
1993,Kerikeri,25.78475336,117.2
1994,Kerikeri,9.612306598,57.6
1995,Kerikeri,28.85652024,87.5
1996,Kerikeri,32.81916639,162.4
1997,Kerikeri,30.04409791,130.4
1998,Kerikeri,31.94037146,86.5
1999,Kerikeri,29.07484513,83
2000,Kerikeri,21.64276402,73
2001,Kerikeri,31.2475384,146.3
2002,Kerikeri,24.03558816,72.2
2003,Kerikeri,30.93958996,116.4
2004,Kerikeri,27.14268396,131.8
2005,Kerikeri,4.364370583,56.2
2006,Kerikeri,42.32214591,113.2
2007,Kerikeri,42.4106051,207.6
2008,Kerikeri,29.10650541,157.6
2009,Kerikeri,37.22916536,132.4
2010,Kerikeri,17.75577097,77
2011,Kerikeri,52.69606718,252.2
2012,Kerikeri,22.75665738,167.6
2013,Kerikeri,31.54707415,95
2014,Kerikeri,43.1452727,116.8
2015,Kerikeri,0,41
2016,Kerikeri,22.2936965,61
1960,Lake.Tekapo,22.29852555,32
1961,Lake.Tekapo,40.22112655,74.9
1962,Lake.Tekapo,8.619274339,27.9
1963,Lake.Tekapo,28.02415876,52.1
1964,Lake.Tekapo,26.96278979,42.4
1965,Lake.Tekapo,34.29398986,52.1
1966,Lake.Tekapo,20.09005146,42.4
1967,Lake.Tekapo,47.30524829,97.3
1968,Lake.Tekapo,19.92481203,35.6
1969,Lake.Tekapo,18.84597487,52.3
1970,Lake.Tekapo,40.99866647,56.6
1971,Lake.Tekapo,22.14965986,28.2
1972,Lake.Tekapo,40.24239086,60
1973,Lake.Tekapo,32.1376636,30.1
1974,Lake.Tekapo,20.59707904,27
1975,Lake.Tekapo,32.89493575,37
1976,Lake.Tekapo,14.27844235,30.1
1977,Lake.Tekapo,28.96430661,99.5
1978,Lake.Tekapo,17.35395189,35.6
1979,Lake.Tekapo,36.98735739,48.2
1980,Lake.Tekapo,36.9121813,74
1981,Lake.Tekapo,18.93795204,71.5
1982,Lake.Tekapo,18.0141844,39
1983,Lake.Tekapo,37.53964059,83
1984,Lake.Tekapo,27.57832898,58
1985,Lake.Tekapo,22.38379023,46
1986,Lake.Tekapo,41.36024994,99
1987,Lake.Tekapo,16.532429,52
1988,Lake.Tekapo,16.42216789,31.6
1989,Lake.Tekapo,21.85950413,30
1990,Lake.Tekapo,29.98575499,80.7
1991,Lake.Tekapo,36.45699615,91.5
1992,Lake.Tekapo,19.39058172,68
1993,Lake.Tekapo,20.33092765,42.3
1994,Lake.Tekapo,47.16217778,116.2
1995,Lake.Tekapo,35.15248796,50.8
1996,Lake.Tekapo,10.26140156,25.9
1997,Lake.Tekapo,36.84408501,57.3
1998,Lake.Tekapo,4.984662577,26
1999,Lake.Tekapo,33.39474896,41.5
2000,Lake.Tekapo,33.21304292,43
2001,Lake.Tekapo,6.814044213,26.2
2002,Lake.Tekapo,18.35364777,32.8
2003,Lake.Tekapo,11.96383028,51.6
2004,Lake.Tekapo,14.00067069,30.2
2005,Lake.Tekapo,15.70293231,33.7
2006,Lake.Tekapo,26.72360248,60.5
2007,Lake.Tekapo,7.066492829,27.1
2008,Lake.Tekapo,5.66358316,30
2009,Lake.Tekapo,27.83043253,98.8
2010,Lake.Tekapo,32.85691849,67.9
2011,Lake.Tekapo,30.64401982,71.4
2012,Lake.Tekapo,32.18496402,43
2013,Lake.Tekapo,46.8723099,48.3
2014,Lake.Tekapo,39.55788249,180
2015,Lake.Tekapo,26.46646647,70
2016,Lake.Tekapo,19.40665155,31.6
1960,Masterton,0,0
1961,Masterton,0,0
1962,Masterton,0,0
1963,Masterton,0,0
1964,Masterton,0,0
1965,Masterton,0,0
1966,Masterton,0,0
1967,Masterton,0,0
1968,Masterton,0,0
1969,Masterton,0,0
1970,Masterton,0,0
1971,Masterton,0,0
1972,Masterton,0,0
1973,Masterton,0,0
1974,Masterton,0,0
1975,Masterton,0,0
1976,Masterton,0,0
1977,Masterton,0,0
1978,Masterton,0,0
1979,Masterton,0,0
1980,Masterton,0,0
1981,Masterton,0,0
1982,Masterton,0,0
1983,Masterton,0,0
1984,Masterton,0,0
1985,Masterton,0,0
1986,Masterton,0,0
1987,Masterton,0,0
1988,Masterton,0,0
1989,Masterton,0,0
1990,Masterton,0,0
1991,Masterton,0,0
1992,Masterton,0,0
1993,Masterton,27.53259779,52
1994,Masterton,19.61623412,90.5
1995,Masterton,27.07831883,47.6
1996,Masterton,12.11904275,38.6
1997,Masterton,13.93095768,44.8
1998,Masterton,10.75655431,43
1999,Masterton,20.33024944,34.9
2000,Masterton,20.17414904,57.7
2001,Masterton,32.77671217,57.3
2002,Masterton,16.00780234,39.1
2003,Masterton,32.42471134,82.5
2004,Masterton,29.69107551,76.7
2005,Masterton,30.96085409,81.7
2006,Masterton,40.11651105,91.1
2007,Masterton,16.79988581,34
2008,Masterton,33.51643708,47
2009,Masterton,20.36049488,35.5
2010,Masterton,16.51674434,67.8
2011,Masterton,29.87281226,81.4
2012,Masterton,25.79202385,47
2013,Masterton,37.51962323,62.8
2014,Masterton,15.37267081,37.4
2015,Masterton,8.605293654,32.8
2016,Masterton,16.80717316,37.4
1960,Milford.Sound,28.39019857,235
1961,Milford.Sound,18.98789002,279.7
1962,Milford.Sound,9.092704117,189.5
1963,Milford.Sound,24.50039339,172
1964,Milford.Sound,10.93871755,215.9
1965,Milford.Sound,20.33477895,292.1
1966,Milford.Sound,17.40672572,304.8
1967,Milford.Sound,37.00811054,345.4
1968,Milford.Sound,26.3101482,234.2
1969,Milford.Sound,17.76042095,176.3
1970,Milford.Sound,29.76618941,283.2
1971,Milford.Sound,16.90526957,176.5
1972,Milford.Sound,33.45666886,270
1973,Milford.Sound,32.01244252,232
1974,Milford.Sound,17.70245236,373.7
1975,Milford.Sound,26.51787549,300.4
1976,Milford.Sound,14.25363432,207.5
1977,Milford.Sound,18.45972851,232.6
1978,Milford.Sound,48.09609031,412.2
1979,Milford.Sound,24.06096974,316
1980,Milford.Sound,23.95779942,223
1981,Milford.Sound,16.6797676,216
1982,Milford.Sound,41.61288797,326
1983,Milford.Sound,27.82537581,360
1984,Milford.Sound,23.45193123,345
1985,Milford.Sound,15.74853619,195
1986,Milford.Sound,19.04055391,349.6
1987,Milford.Sound,32.95686469,341.8
1988,Milford.Sound,33.699987,521.1
1989,Milford.Sound,25.2774599,348.2
1990,Milford.Sound,18.91657763,199.5
1991,Milford.Sound,23.79170328,327.1
1992,Milford.Sound,16.17198117,235
1993,Milford.Sound,31.85476045,272.5
1994,Milford.Sound,28.40326386,537.5
1995,Milford.Sound,34.17160143,300
1996,Milford.Sound,22.78752964,240
1997,Milford.Sound,24.47330144,227.3
1998,Milford.Sound,27.74299077,231
1999,Milford.Sound,32.85312984,326
2000,Milford.Sound,23.09635253,192.5
2001,Milford.Sound,13.18906473,198.5
2002,Milford.Sound,15.01142891,315
2003,Milford.Sound,21.07205314,260
2004,Milford.Sound,12.82992747,252
2005,Milford.Sound,12.92476886,306
2006,Milford.Sound,20.36149508,220
2007,Milford.Sound,19.89233269,225
2008,Milford.Sound,18.25461105,156
2009,Milford.Sound,27.09503109,203.5
2010,Milford.Sound,25.54336816,313.5
2011,Milford.Sound,20.45167575,218.6
2012,Milford.Sound,26.27588486,208.5
2013,Milford.Sound,26.86567164,247.4
2014,Milford.Sound,30.8966313,227.5
2015,Milford.Sound,23.14576194,420
2016,Milford.Sound,33.92963303,235.6
1960,0pier,23.24491055,47.3
1961,0pier,24.51418226,55.4
1962,0pier,19.1720308,52.7
1963,0pier,40.6921725,205.6
1964,0pier,6.108374384,31
1965,0pier,24.75388601,45.8
1966,0pier,22.50155569,38
1967,0pier,23.96883593,94.4
1968,0pier,15.63017618,71.9
1969,0pier,5.715353007,30.6
1970,0pier,30.7079646,111.8
1971,0pier,23.01172845,98.7
1972,0pier,20.92683817,45.9
1973,0pier,30.18867925,44.7
1974,0pier,27.74905548,136.7
1975,0pier,18.70770017,74.6
1976,0pier,27.84982935,69.4
1977,0pier,25.89450788,92
1978,0pier,26.64769323,71.5
1979,0pier,24.22028986,51.5
1980,0pier,30.99375355,85.6
1981,0pier,13.96190987,38.5
1982,0pier,14.5280236,47.7
1983,0pier,8.646464646,42.8
1984,0pier,16.30416456,32.9
1985,0pier,25.61797753,68.6
1986,0pier,6.874884495,37.2
1987,0pier,34.50130852,90.8
1988,0pier,37.23668716,84.4
1989,0pier,44.30950294,67.9
1990,0pier,28.120145,73.3
1991,0pier,28.49657983,51.9
1992,0pier,32.18416125,64.5
1993,0pier,16.13508443,64.8
1994,0pier,7.449714428,30
1995,0pier,10.81343698,39
1996,0pier,32.95774648,60.8
1997,0pier,41.25656696,69.3
1998,0pier,25.95781317,87.8
1999,0pier,34.11485774,66.2
2000,0pier,21.86397177,50.4
2001,0pier,18.66597725,72.6
2002,0pier,41.29050926,64.2
2003,0pier,29.59336325,51.8
2004,0pier,15.92736346,47
2005,0pier,36.74692111,78.2
2006,0pier,18.83182276,38.4
2007,0pier,14.69228547,35.4
2008,0pier,26.14424411,44.4
2009,0pier,35.68355641,62
2010,0pier,40.83620865,72.6
2011,0pier,49.92440278,142.4
2012,0pier,32.04751565,66.6
2013,0pier,34.4548034,116.5
2014,0pier,5.13029316,31.5
2015,0pier,26.22982424,62.63915
2016,0pier,29.66614864,69.8
1960,Nelson,21.60094807,71.9
1961,Nelson,33.06315025,77
1962,Nelson,42.44834105,91.4
1963,Nelson,34.71841384,77.2
1964,Nelson,28.61100497,86.4
1965,Nelson,21.0186679,99.8
1966,Nelson,24.59323538,64.5
1967,Nelson,24.70497408,59.7
1968,Nelson,30.89203752,69.1
1969,Nelson,31.47113594,72.6
1970,Nelson,44.21245142,137.4
1971,Nelson,8.065934066,37.6
1972,Nelson,36.72392638,71.5
1973,Nelson,19.73989782,51.4
1974,Nelson,33.92094502,87.5
1975,Nelson,24.85608171,50.6
1976,Nelson,24.53677709,81
1977,Nelson,11.26643763,47.6
1978,Nelson,24.35976741,69.1
1979,Nelson,9.945750452,55
1980,Nelson,18.87686062,50.8
1981,Nelson,22.85244103,56.9
1982,Nelson,25.6344086,61.2
1983,Nelson,31.44826188,83.2
1984,Nelson,13.36982017,44.5
1985,Nelson,30.65863108,138.4
1986,Nelson,29.84529644,98.7
1987,Nelson,36.809367,84
1988,Nelson,23.33613269,59.9
1989,Nelson,9.872480461,61.3
1990,Nelson,41.1833785,95.4
1991,Nelson,9.048694779,36.7
1992,Nelson,16.71813588,43.1
1993,Nelson,27.70538244,51.6
1994,Nelson,26.61522515,52.5
1995,Nelson,41.50273418,110.2
1996,Nelson,17.94747082,57.3
1997,Nelson,16.27162076,67.8
1998,Nelson,41.30666261,121.3
1999,Nelson,10.2581294,46.9
2000,Nelson,12.40626378,39.8
2001,Nelson,32.6420287,67.3
2002,Nelson,18.96283905,53
2003,Nelson,19.58592658,77.1
2004,Nelson,25.54901337,68.6
2005,Nelson,14.59485073,53.2
2006,Nelson,19.5113438,54
2007,Nelson,21.39917695,97.1
2008,Nelson,34.67363387,104.6
2009,Nelson,9.397590361,37.6
2010,Nelson,27.53259779,58.1
2011,Nelson,51.02363287,167.9
2012,Nelson,37.06839675,65.6
2013,Nelson,25.52962999,90.4
2014,Nelson,27.52217623,87.1
2015,Nelson,12.31155779,42.2
2016,Nelson,29.65773329,137.8
1960,New.Plymouth,27.7537797,74.3
1961,New.Plymouth,27.50682506,70.5
1962,New.Plymouth,35.95949617,94
1963,New.Plymouth,21.50307569,76.9
1964,New.Plymouth,29.20947661,66.9
1965,New.Plymouth,19.72989236,60.6
1966,New.Plymouth,34.72858452,69.2
1967,New.Plymouth,27.10591655,104
1968,New.Plymouth,23.97418478,75.1
1969,New.Plymouth,32.6770218,97.3
1970,New.Plymouth,31.71965769,58.1
1971,New.Plymouth,25.26847079,330.3
1972,New.Plymouth,8.453165965,64.5
1973,New.Plymouth,7.194609477,61.2
1974,New.Plymouth,26.14910314,95.6
1975,New.Plymouth,27.30675014,46.2
1976,New.Plymouth,17.36282267,76.9
1977,New.Plymouth,23.19271009,80.7
1978,New.Plymouth,35.63134448,65.1
1979,New.Plymouth,19.29861111,58.4
1980,New.Plymouth,21.22570016,81.9
1981,New.Plymouth,15.0175644,67.3
1982,New.Plymouth,33.47970927,75
1983,New.Plymouth,22.2780149,57
1984,New.Plymouth,34.64999657,57.6
1985,New.Plymouth,34.79018542,59.3
1986,New.Plymouth,30.85154387,85.6
1987,New.Plymouth,18.61750454,71.1
1988,New.Plymouth,18.61302682,48.5
1989,New.Plymouth,20.15789474,72.4
1990,New.Plymouth,33.74752895,159.3
1991,New.Plymouth,22.52240551,64.7
1992,New.Plymouth,27.75873016,50.8
1993,New.Plymouth,30.36386449,118.2
1994,New.Plymouth,20.57563588,54.8
1995,New.Plymouth,26.70750029,99
1996,New.Plymouth,9.490986214,58.2
1997,New.Plymouth,18.99115044,50
1998,New.Plymouth,28.28699769,74.4
1999,New.Plymouth,23.09334092,101
2000,New.Plymouth,17.27189503,63.6
2001,New.Plymouth,34.14874001,66.6
2002,New.Plymouth,22.12183436,89.2
2003,New.Plymouth,34.83015017,74.4
2004,New.Plymouth,24.88453066,83.6
2005,New.Plymouth,12.77975997,68.4
2006,New.Plymouth,9.356828194,35.8
2007,New.Plymouth,6.535440706,34.4
2008,New.Plymouth,20.95784418,63.8
2009,New.Plymouth,9.822184589,52.8
2010,New.Plymouth,25.4015544,83
2011,New.Plymouth,37.95199341,102.4
2012,New.Plymouth,23.59050445,67
2013,New.Plymouth,10.64575084,55.8
2014,New.Plymouth,7.064595258,45
2015,New.Plymouth,24.53430259,64.2
2016,New.Plymouth,0,28.2
1960,Queenstown,0,0
1961,Queenstown,0,0
1962,Queenstown,0,0
1963,Queenstown,0,0
1964,Queenstown,0,0
1965,Queenstown,0,0
1966,Queenstown,0,0
1967,Queenstown,0,0
1968,Queenstown,0,0
1969,Queenstown,22.94496069,51.2
1970,Queenstown,27.63536866,43.7
1971,Queenstown,18.84910904,32.5
1972,Queenstown,24.83403,49.2
1973,Queenstown,0,15.3
1974,Queenstown,0,22.2
1975,Queenstown,18.96296296,40.8
1976,Queenstown,13.43873518,33.7
1977,Queenstown,20.35465007,42.8
1978,Queenstown,28.49765258,72
1979,Queenstown,19.51670408,47.2
1980,Queenstown,35.67047377,40.8
1981,Queenstown,16.96875539,49.7
1982,Queenstown,26.92641767,45.2
1983,Queenstown,26.91312384,56.7
1984,Queenstown,21.09086107,42.8
1985,Queenstown,29.56010618,41.6
1986,Queenstown,16.70447181,45.1
1987,Queenstown,27.84667418,79.1
1988,Queenstown,26.97803652,41.6
1989,Queenstown,17.8807947,38.2
1990,Queenstown,3.60619116,22.6
1991,Queenstown,28.04981602,51.9
1992,Queenstown,13.70759166,37.6
1993,Queenstown,22.91037261,44.4
1994,Queenstown,36.83123709,63
1995,Queenstown,32.44929797,58.8
1996,Queenstown,14.57514363,41.8
1997,Queenstown,29.52272078,48.4
1998,Queenstown,15.09593679,29.6
1999,Queenstown,47.5019216,86
2000,Queenstown,17.11606096,37.6
2001,Queenstown,8.986013986,28.2
2002,Queenstown,27.49675746,38.8
2003,Queenstown,14.39859526,31.2
2004,Queenstown,9.498111171,23.8
2005,Queenstown,16.13488035,31.2
2006,Queenstown,33.87840048,64.8
2007,Queenstown,14.23916585,37.8
2008,Queenstown,18.08985421,26.6
2009,Queenstown,15.42247744,42
2010,Queenstown,21.48058252,63
2011,Queenstown,15.37446387,35.4
2012,Queenstown,20.35911602,31.2
2013,Queenstown,28.52996662,64.6
2014,Queenstown,3.268164575,22.4
2015,Queenstown,20.35825988,55.4
2016,Queenstown,22.75042445,49
1960,Reefton,0,0
1961,Reefton,22.78195489,52.1
1962,Reefton,17.55401427,67.1
1963,Reefton,24.21265368,72.4
1964,Reefton,16.16452712,62.5
1965,Reefton,18.3546899,51.1
1966,Reefton,24.67095892,80.3
1967,Reefton,20.75314218,76.2
1968,Reefton,29.52333127,94.7
1969,Reefton,28.49924204,74.2
1970,Reefton,31.93923309,166.4
1971,Reefton,25.03280278,79.1
1972,Reefton,22.51027653,72.1
1973,Reefton,10.95012872,56.9
1974,Reefton,28.71271503,100
1975,Reefton,25.87021721,124.9
1976,Reefton,20.36825081,55.5
1977,Reefton,3.011572856,45.8
1978,Reefton,28.43241331,78.2
1979,Reefton,21.10799439,101.2
1980,Reefton,19.6203061,75
1981,Reefton,16.57939809,85
1982,Reefton,10.55351784,57
1983,Reefton,32.87766652,145.3
1984,Reefton,15.42516161,77
1985,Reefton,23.36566387,56
1986,Reefton,19.95144322,104
1987,Reefton,28.51031467,64
1988,Reefton,23.06300095,93.5
1989,Reefton,34.56915524,85.3
1990,Reefton,13.06906969,77.3
1991,Reefton,10.62079282,83
1992,Reefton,19.5856772,62.5
1993,Reefton,12.26990464,95.3
1994,Reefton,29.7087844,98.2
1995,Reefton,36.60582141,96.5
1996,Reefton,22.79884319,75.3
1997,Reefton,35.95446501,120
1998,Reefton,31.07991979,94.4
1999,Reefton,31.49727044,72.4
2000,Reefton,24.08888412,85.2
2001,Reefton,15.32717378,66.8
2002,Reefton,9.53001194,70.4
2003,Reefton,14.32407191,63.4
2004,Reefton,16.53255988,87
2005,Reefton,0,35.8
2006,Reefton,30.48023184,116.8
2007,Reefton,14.09934171,69
2008,Reefton,19.7242842,91.8
2009,Reefton,15.78275925,86.8
2010,Reefton,18.78483835,71.2
2011,Reefton,29.82597324,83.6
2012,Reefton,20.36801296,94.6
2013,Reefton,14.0625,80.8
2014,Reefton,6.468305304,58.2
2015,Reefton,16.30216189,82.8
2016,Reefton,17.88321168,82.2
1960,Rotorua,0,0
1961,Rotorua,0,0
1962,Rotorua,0,0
1963,Rotorua,0,0
1964,Rotorua,27.74055805,70.3
1965,Rotorua,32.9676512,108.5
1966,Rotorua,35.18034216,159
1967,Rotorua,29.30970149,192.2
1968,Rotorua,28.53996007,100.6
1969,Rotorua,30.98644017,96.9
1970,Rotorua,30.25916561,139.6
1971,Rotorua,35.28578655,84.9
1972,Rotorua,19.87459781,85.2
1973,Rotorua,27.52803782,58.3
1974,Rotorua,34.58992624,116.5
1975,Rotorua,29.06331484,107.1
1976,Rotorua,19.72596935,65.6
1977,Rotorua,29.20050964,79.7
1978,Rotorua,19.63510848,67.2
1979,Rotorua,24.45536349,77.6
1980,Rotorua,5.997838617,66.6
1981,Rotorua,10.18616833,79.4
1982,Rotorua,39.51705297,76.4
1983,Rotorua,35.52996374,102.8
1984,Rotorua,18.51591596,76
1985,Rotorua,30.09232955,78.4
1986,Rotorua,50.91935717,136.2
1987,Rotorua,8.679695385,50
1988,Rotorua,37.98014379,111
1989,Rotorua,13.64079699,63.2
1990,Rotorua,37.95126039,104.6
1991,Rotorua,17.0393756,63.1
1992,Rotorua,20.80547596,64.6
1993,Rotorua,19.42628138,74.8
1994,Rotorua,16.50470695,117.6
1995,Rotorua,35.49850614,114.8
1996,Rotorua,31.35350517,85.4
1997,Rotorua,21.64012739,76.6
1998,Rotorua,31.7632171,78.6
1999,Rotorua,33.74206578,122.8
2000,Rotorua,30.6345733,70.8
2001,Rotorua,27.55670771,95.2
2002,Rotorua,13.48481631,81
2003,Rotorua,18.81188119,67.8
2004,Rotorua,35.13867248,120
2005,Rotorua,23.08679609,98.8
2006,Rotorua,22.75852585,139.6
2007,Rotorua,12.97427355,86.6
2008,Rotorua,32.62885192,108.4
2009,Rotorua,19.00121803,62.4
2010,Rotorua,22.72534913,112.8
2011,Rotorua,50.37449393,157.6
2012,Rotorua,17.266308,63.2
2013,Rotorua,17.44273219,73
2014,Rotorua,15.53269793,65.4
2015,Rotorua,11.03435041,60
2016,Rotorua,24.23303378,82.8
1960,Tara.Hills,9.660639088,39
1961,Tara.Hills,32.69521411,88.1
1962,Tara.Hills,29.89949749,45.2
1963,Tara.Hills,24.25292334,36.4
1964,Tara.Hills,18.67276888,30
1965,Tara.Hills,27.15763195,38.4
1966,Tara.Hills,31.38447147,52.7
1967,Tara.Hills,34.70822281,66.6
1968,Tara.Hills,28.39410396,32.3
1969,Tara.Hills,20.95926413,39.7
1970,Tara.Hills,33.01958403,54
1971,Tara.Hills,10.74486301,26.3
1972,Tara.Hills,19.22868985,39.1
1973,Tara.Hills,28.37175086,43.8
1974,Tara.Hills,17.15871254,30.5
1975,Tara.Hills,17.12753477,39.1
1976,Tara.Hills,6.635921086,25.9
1977,Tara.Hills,6.306306306,23.1
1978,Tara.Hills,21.45322086,58.4
1979,Tara.Hills,37.21780604,71.1
1980,Tara.Hills,33.62613654,49
1981,Tara.Hills,19.17690153,35.2
1982,Tara.Hills,23.17797373,42.4
1983,Tara.Hills,36.22303622,68.2
1984,Tara.Hills,38.05831266,41.7
1985,Tara.Hills,22.75641026,50.6
1986,Tara.Hills,21.2145749,31
1987,Tara.Hills,22.74486454,46.2
1988,Tara.Hills,30.42230422,31
1989,Tara.Hills,37.85760379,49.6
1990,Tara.Hills,10.86649162,30.7
1991,Tara.Hills,28.96259159,44.6
1992,Tara.Hills,23.86447336,50
1993,Tara.Hills,16.69684168,33.6
1994,Tara.Hills,26.00151172,54
1995,Tara.Hills,28.35667919,59.8
1996,Tara.Hills,28.50979687,38
1997,Tara.Hills,22.80952381,39.2
1998,Tara.Hills,10.90909091,28.6
1999,Tara.Hills,38.43175218,39.8
2000,Tara.Hills,34.46050232,53.4
2001,Tara.Hills,7.704918033,28.2
2002,Tara.Hills,6.154669521,23
2003,Tara.Hills,8.113258916,29.8
2004,Tara.Hills,20.88618593,53.2
2005,Tara.Hills,6.818181818,24
2006,Tara.Hills,17.40518962,57
2007,Tara.Hills,7.871198569,26.4
2008,Tara.Hills,30.65335753,35.6
2009,Tara.Hills,32.61821366,70
2010,Tara.Hills,16.54957065,84.8
2011,Tara.Hills,28.27206535,43.2
2012,Tara.Hills,11.69379144,30.4
2013,Tara.Hills,28.81446039,65.4
2014,Tara.Hills,11.03421761,29.2
2015,Tara.Hills,6.69365722,24.8
2016,Tara.Hills,21.49675449,36.8
1960,Taumarunui,21.32150241,61.6
1961,Taumarunui,28.28511677,77.2
1962,Taumarunui,21.41990291,41
1963,Taumarunui,22.44377675,62.6
1964,Taumarunui,19.24359658,49.9
1965,Taumarunui,16.86523909,60.1
1966,Taumarunui,24.37286626,39.7
1967,Taumarunui,19.85204526,70.1
1968,Taumarunui,20.78554595,54.5
1969,Taumarunui,21.0990099,60.9
1970,Taumarunui,15.20255679,41.9
1971,Taumarunui,26.82318415,60.1
1972,Taumarunui,11.67082294,40.6
1973,Taumarunui,23.64276287,49.2
1974,Taumarunui,34.30873954,70
1975,Taumarunui,16.78672779,47.4
1976,Taumarunui,22.46532671,48.6
1977,Taumarunui,16.79124605,58.2
1978,Taumarunui,22.45176556,49.4
1979,Taumarunui,28.25686722,51
1980,Taumarunui,22.30735552,43
1981,Taumarunui,11.04831648,45.4
1982,Taumarunui,5.96208724,30.5
1983,Taumarunui,14.02565554,47.5
1984,Taumarunui,15.96181224,36.6
1985,Taumarunui,19.53333948,33.3
1986,Taumarunui,24.7926123,51.3
1987,Taumarunui,17.71165979,39.5
1988,Taumarunui,20.78476552,75
1989,Taumarunui,18.67813715,69.4
1990,Taumarunui,22.75603468,63.7
1991,Taumarunui,16.28550075,69.3
1992,Taumarunui,18.19260293,50.1
1993,Taumarunui,14.91841492,59.1
1994,Taumarunui,27.23630586,67.4
1995,Taumarunui,24.26513643,67.1
1996,Taumarunui,31.62087751,44.2
1997,Taumarunui,24.54889534,93.2
1998,Taumarunui,32.40317072,79.6
1999,Taumarunui,29.52358416,67.5
2000,Taumarunui,37.1,64.8
2001,Taumarunui,28.81958152,60.7
2002,Taumarunui,14.39878013,51.2
2003,Taumarunui,29.64215907,84.9
2004,Taumarunui,22.13805224,75.7
2005,Taumarunui,11.20112716,40.7
2006,Taumarunui,15.38461538,39.5
2007,Taumarunui,20.02089136,39.4
2008,Taumarunui,26.78367905,65.9
2009,Taumarunui,23.95522989,50.6
2010,Taumarunui,22.65010352,53.2
2011,Taumarunui,29.60877074,80.9
2012,Taumarunui,18.77652934,62.4
2013,Taumarunui,14.8487626,56.2
2014,Taumarunui,20.82640287,68.6
2015,Taumarunui,22.34799483,63.4
2016,Taumarunui,22.73706897,34.8
1960,Taupo,0,0
1961,Taupo,0,0
1962,Taupo,0,0
1963,Taupo,0,0
1964,Taupo,0,0
1965,Taupo,0,0
1966,Taupo,0,0
1967,Taupo,0,0
1968,Taupo,0,0
1969,Taupo,0,0
1970,Taupo,0,0
1971,Taupo,0,0
1972,Taupo,0,0
1973,Taupo,0,0
1974,Taupo,0,0
1975,Taupo,0,0
1976,Taupo,0,0
1977,Taupo,17.45998092,42.4
1978,Taupo,31.39534884,36.5
1979,Taupo,35.08927135,58.7
1980,Taupo,19.97223324,61.6
1981,Taupo,24.47435646,43.1
1982,Taupo,16.24908425,53.2
1983,Taupo,15.3887114,41.3
1984,Taupo,14.45245451,63.6
1985,Taupo,38.72498453,63.4
1986,Taupo,34.43197034,59.5
1987,Taupo,15.26219373,76.1
1988,Taupo,27.50596659,91.6
1989,Taupo,15.93582888,55.3
1990,Taupo,17.45383868,45
1991,Taupo,25.05637233,50.8
1992,Taupo,22.91366165,68.6
1993,Taupo,21.02215509,59
1994,Taupo,20.56669237,51
1995,Taupo,35.34508076,89
1996,Taupo,31.15611814,56.8
1997,Taupo,21.19615032,36.4
1998,Taupo,33.0142606,57.2
1999,Taupo,19.65105601,54.4
2000,Taupo,18.71345029,38.6
2001,Taupo,15.90434177,37.4
2002,Taupo,28.37969741,61.4
2003,Taupo,7.675341861,39.2
2004,Taupo,19.56703521,43.6
2005,Taupo,27.94149279,37
2006,Taupo,26.49500254,74.4
2007,Taupo,18.32829809,47.4
2008,Taupo,22.39653215,100.6
2009,Taupo,14.53065969,35
2010,Taupo,10.90084986,35.4
2011,Taupo,47.21762173,113.6
2012,Taupo,17.61060985,38.8
2013,Taupo,0,23
2014,Taupo,4.565437944,27
2015,Taupo,18.80204136,41
2016,Taupo,9.512485137,38
1960,Tauranga,34.69495322,114.5
1961,Tauranga,45.87971762,105.6
1962,Tauranga,41.88096276,162.5
1963,Tauranga,49.35377875,85.2
1964,Tauranga,12.87528383,74.7
1965,Tauranga,45.63670122,108.1
1966,Tauranga,27.29218448,153.7
1967,Tauranga,36.04787933,112.4
1968,Tauranga,31.88911569,71.4
1969,Tauranga,40.34601495,73.4
1970,Tauranga,39.04331987,96.9
1971,Tauranga,32.20483642,94.1
1972,Tauranga,32.62184276,90.9
1973,Tauranga,15.6628941,96.9
1974,Tauranga,45.83388793,123.8
1975,Tauranga,27.31028152,68.6
1976,Tauranga,25.45220616,66.4
1977,Tauranga,28.092827,89.5
1978,Tauranga,31.59612073,132.8
1979,Tauranga,38.22834419,178.1
1980,Tauranga,14.07954643,116.9
1981,Tauranga,23.23373359,88.1
1982,Tauranga,13.62071013,39.1
1983,Tauranga,38.41492283,75.6
1984,Tauranga,12.62831687,93.9
1985,Tauranga,25.44332474,78.3
1986,Tauranga,30.39097138,64.2
1987,Tauranga,35.02951172,90.3
1988,Tauranga,22.21858906,79.8
1989,Tauranga,17.95900503,70
1990,Tauranga,25.32886468,61.8
1991,Tauranga,21.23122566,70.8
1992,Tauranga,19.93948081,98.6
1993,Tauranga,12.46840775,51
1994,Tauranga,23.89760837,74.2
1995,Tauranga,38.91730074,120
1996,Tauranga,35.71328769,126.2
1997,Tauranga,25.79116922,73.6
1998,Tauranga,39.41488507,87.8
1999,Tauranga,20.47753946,53.6
2000,Tauranga,34.24138235,173.8
2001,Tauranga,33.54964309,108.8
2002,Tauranga,13.5788895,60.6
2003,Tauranga,19.59207124,54
2004,Tauranga,38.3854093,129.8
2005,Tauranga,43.22541966,240.6
2006,Tauranga,27.42106788,72.2
2007,Tauranga,23.8049124,83
2008,Tauranga,24.69013386,91
2009,Tauranga,24.47320392,78.4
2010,Tauranga,26.04373757,120
2011,Tauranga,48.16005716,174.4
2012,Tauranga,34.6878432,97.8
2013,Tauranga,36.16980035,112.6
2014,Tauranga,36.40125956,87.6
2015,Tauranga,16.65459812,49.2
2016,Tauranga,21.99768244,71.4
1960,Timaru,0,17.9
1961,Timaru,26.85015291,47.3
1962,Timaru,0,22.2
1963,Timaru,28.44827586,44.9
1964,Timaru,14.92079714,34
1965,Timaru,19.16733709,38.1
1966,Timaru,31.3345521,54.8
1967,Timaru,23.63323289,50
1968,Timaru,33.52834657,63.5
1969,Timaru,7.87327478,25.1
1970,Timaru,12.91686238,32.1
1971,Timaru,11.84273999,25.9
1972,Timaru,27.84834864,39.4
1973,Timaru,29.63125549,56.3
1974,Timaru,33.2492236,49.8
1975,Timaru,24.88224785,41.6
1976,Timaru,15.46648551,34.8
1977,Timaru,18.91757696,26.5
1978,Timaru,26.26836706,44.9
1979,Timaru,29.35478291,55.5
1980,Timaru,42.54022809,75.1
1981,Timaru,15.18936342,26.7
1982,Timaru,0,22.1
1983,Timaru,30.49482163,35.6
1984,Timaru,0,17.6
1985,Timaru,8.675078864,33
1986,Timaru,49.97156829,108.5
1987,Timaru,24.79737886,46
1988,Timaru,19.76182813,36
1989,Timaru,10.7965767,26.3
1990,Timaru,25.69974555,32.4
1991,Timaru,45.40274141,90
1992,Timaru,10.99754702,30
1993,Timaru,19.87504881,51
1994,Timaru,32.22543353,64.4
1995,Timaru,21.57367668,45
1996,Timaru,19.40104167,36.4
1997,Timaru,12.59879126,27.8
1998,Timaru,16.51606426,37.6
1999,Timaru,18.27045358,35
2000,Timaru,32.26241901,111.8
2001,Timaru,8.075511274,30.8
2002,Timaru,16.93418941,30
2003,Timaru,21.77455862,35.4
2004,Timaru,32.30820106,59.2
2005,Timaru,39.03288201,49.6
2006,Timaru,20.94686649,37.6
2007,Timaru,11.83188671,26.6
2008,Timaru,30.84789092,45
2009,Timaru,32.96167247,56.4
2010,Timaru,40.42056075,61.4
2011,Timaru,41.64744646,49.2
2012,Timaru,40.69529652,38.4
2013,Timaru,14.96078056,49.4
2014,Timaru,19.26091825,38.6
2015,Timaru,25.05543237,40.4
2016,Timaru,29.03106509,54.4
1960,Waiouru,11.9376783,49.6
1961,Waiouru,28.18606425,62.7
1962,Waiouru,16.66180616,57.9
1963,Waiouru,24.62036623,61.5
1964,Waiouru,14.35661765,40.6
1965,Waiouru,20.32925285,74.9
1966,Waiouru,16.51204198,35.8
1967,Waiouru,28.79278219,88.9
1968,Waiouru,19.5140218,76.5
1969,Waiouru,11.44249049,26.9
1970,Waiouru,18.12052255,46
1971,Waiouru,31.09992938,64.5
1972,Waiouru,20.07330138,48.5
1973,Waiouru,14.14469994,40.9
1974,Waiouru,31.50660637,47.8
1975,Waiouru,8.856811904,46.1
1976,Waiouru,20.59594547,58.2
1977,Waiouru,16.55152834,40
1978,Waiouru,13.89813156,33.8
1979,Waiouru,13.81193913,42.8
1980,Waiouru,21.05500858,61.4
1981,Waiouru,16.49158593,34.7
1982,Waiouru,6.263022429,27.2
1983,Waiouru,21.48411464,37.9
1984,Waiouru,9.230588787,31.6
1985,Waiouru,33.06819387,48.1
1986,Waiouru,17.48425272,39.7
1987,Waiouru,27.33474693,47.9
1988,Waiouru,21.62895081,41.3
1989,Waiouru,20.35181019,53.9
1990,Waiouru,10.13142916,45.3
1991,Waiouru,20.96514291,52.7
1992,Waiouru,27.39480752,44.5
1993,Waiouru,17.74568596,32.2
1994,Waiouru,13.54403708,31.8
1995,Waiouru,20.79894644,46.8
1996,Waiouru,11.47858353,36.5
1997,Waiouru,23.05673991,35.2
1998,Waiouru,21.04023973,43.8
1999,Waiouru,31.61064272,68.2
2000,Waiouru,21.97836488,53.3
2001,Waiouru,26.54867257,53.5
2002,Waiouru,17.92153589,46.4
2003,Waiouru,17.74034915,36.7
2004,Waiouru,33.84235347,131.5
2005,Waiouru,6.204556471,26.9
2006,Waiouru,23.12794694,69.2
2007,Waiouru,26.55225607,54
2008,Waiouru,30.17279186,42
2009,Waiouru,33.10804379,40.7
2010,Waiouru,19.12022918,36.9
2011,Waiouru,27.30633237,120.5
2012,Waiouru,27.31765171,48
2013,Waiouru,29.05664285,50.5
2014,Waiouru,9.355421047,31.7
2015,Waiouru,26.23664424,60.5
2016,Waiouru,13.67474803,29
1960,Wellington,12.1037464,68.2
1961,Wellington,13.24399261,52.5
1962,Wellington,31.15920368,105.7
1963,Wellington,22.72144949,119.7
1964,Wellington,25.88302472,53.9
1965,Wellington,22.63390286,65.5
1966,Wellington,33.88767901,91.7
1967,Wellington,25.94148652,77
1968,Wellington,28.64641657,78.2
1969,Wellington,16.67178699,48.3
1970,Wellington,20.53502989,52
1971,Wellington,28.62242918,100.4
1972,Wellington,22.01046338,47.2
1973,Wellington,17.50114837,57.4
1974,Wellington,32.69820046,93.8
1975,Wellington,28.21654721,70.4
1976,Wellington,35.39509894,119.7
1977,Wellington,35.75985604,54.8
1978,Wellington,20.10662056,66.8
1979,Wellington,30.58660027,64.3
1980,Wellington,28.51341552,64.6
1981,Wellington,20.66656404,111.9
1982,Wellington,30.22504688,64.1
1983,Wellington,32.19419185,74.4
1984,Wellington,19.58556757,49.7
1985,Wellington,15.80957978,48.9
1986,Wellington,29.8547814,58.3
1987,Wellington,20.10045662,50.7
1988,Wellington,17.94665325,58.4
1989,Wellington,12.24797122,60.1
1990,Wellington,24.07475266,63.9
1991,Wellington,31.11059837,61.4
1992,Wellington,22.22222222,55.1
1993,Wellington,23.65662951,72.9
1994,Wellington,13.72141372,108
1995,Wellington,27.03761755,55.6
1996,Wellington,15.67322239,62.8
1997,Wellington,33.32231678,83.2
1998,Wellington,29.58762165,96.1
1999,Wellington,21.39105642,60.2
2000,Wellington,16.16783755,50.5
2001,Wellington,15.2171925,70.2
2002,Wellington,24.38146304,60.1
2003,Wellington,14.48326726,69.7
2004,Wellington,24.7498509,87
2005,Wellington,30.46940486,76.4
2006,Wellington,32.50320924,70.8
2007,Wellington,16.29671789,57.6
2008,Wellington,30.0450615,94.4
2009,Wellington,25.04395078,54.8
2010,Wellington,18.40324763,68.6
2011,Wellington,17.7014531,69
2012,Wellington,21.60350606,60.8
2013,Wellington,32.88045432,62
2014,Wellington,13.40075853,62.2
2015,Wellington,18.31786215,47.4
2016,Wellington,22.82738095,54.6
1960,Whanganui,19.76759717,52.1
1961,Whanganui,41.94915254,65.5
1962,Whanganui,12.57825839,46.5
1963,Whanganui,13.34571915,31.5
1964,Whanganui,18.64984657,43.4
1965,Whanganui,12.02222978,35.8
1966,Whanganui,18.24925816,60.5
1967,Whanganui,19.40505016,89.4
1968,Whanganui,21.30256162,38.1
1969,Whanganui,19.76519542,42.9
1970,Whanganui,11.76470588,53.6
1971,Whanganui,28.26633166,76.5
1972,Whanganui,27.92859251,40.1
1973,Whanganui,12.26281951,78.2
1974,Whanganui,28.39959483,40.1
1975,Whanganui,20.23766655,37.6
1976,Whanganui,27.42522411,74.1
1977,Whanganui,18.30511831,36.6
1978,Whanganui,16.18668038,26.9
1979,Whanganui,11.53978248,55.1
1980,Whanganui,10.85091584,38.6
1981,Whanganui,17.57471406,35.8
1982,Whanganui,10.58134672,50.6
1983,Whanganui,3.579916815,24.1
1984,Whanganui,22.36468993,41.1
1985,Whanganui,16.20273109,35.4
1986,Whanganui,24.40255459,42.8
1987,Whanganui,22.84963887,45.2
1988,Whanganui,20.01282188,54
1989,Whanganui,42.08023774,53.2
1990,Whanganui,24.51974962,74.1
1991,Whanganui,27.52683816,45.6
1992,Whanganui,29.9297469,57.8
1993,Whanganui,17.44096311,31.4
1994,Whanganui,22.98951905,61.6
1995,Whanganui,21.84596683,44.2
1996,Whanganui,2.551075559,23.6
1997,Whanganui,17.64051196,46.6
1998,Whanganui,20.0867679,47.8
1999,Whanganui,15.83202921,78
2000,Whanganui,34.95260664,84
2001,Whanganui,25.65627564,53.8
2002,Whanganui,27.12378641,51.4
2003,Whanganui,24.68545546,48.8
2004,Whanganui,27.42600897,64.4
2005,Whanganui,17.55933627,32
2006,Whanganui,20.22233986,45.2
2007,Whanganui,3.609831029,28.2
2008,Whanganui,20.33551555,44.2
2009,Whanganui,24.75288303,75.4
2010,Whanganui,19.95206027,39.2
2011,Whanganui,35.66421896,125.4
2012,Whanganui,13.25301205,44.2
2013,Whanganui,30.11385442,58.6
2014,Whanganui,18.93192206,40.2
2015,Whanganui,45.85384324,78.2
2016,Whanganui,12.18007313,29.2
1960,Whangaparaoa,0,0
1961,Whangaparaoa,0,0
1962,Whangaparaoa,0,0
1963,Whangaparaoa,0,0
1964,Whangaparaoa,0,0
1965,Whangaparaoa,0,0
1966,Whangaparaoa,0,0
1967,Whangaparaoa,0,0
1968,Whangaparaoa,0,0
1969,Whangaparaoa,0,0
1970,Whangaparaoa,0,0
1971,Whangaparaoa,0,0
1972,Whangaparaoa,0,0
1973,Whangaparaoa,0,0
1974,Whangaparaoa,0,0
1975,Whangaparaoa,0,0
1976,Whangaparaoa,0,0
1977,Whangaparaoa,0,0
1978,Whangaparaoa,0,0
1979,Whangaparaoa,0,0
1980,Whangaparaoa,0,0
1981,Whangaparaoa,0,0
1982,Whangaparaoa,0,0
1983,Whangaparaoa,0,0
1984,Whangaparaoa,0,0
1985,Whangaparaoa,0,0
1986,Whangaparaoa,0,0
1987,Whangaparaoa,23.73941105,113.4
1988,Whangaparaoa,53.41454057,114.4
1989,Whangaparaoa,40.31611088,101.4
1990,Whangaparaoa,10.55490881,48
1991,Whangaparaoa,41.27377998,153
1992,Whangaparaoa,13.5187647,38
1993,Whangaparaoa,14.17516276,53.6
1994,Whangaparaoa,14.68822171,76.4
1995,Whangaparaoa,22.35343035,117.4
1996,Whangaparaoa,24.69146457,44.9
1997,Whangaparaoa,31.28359493,68.2
1998,Whangaparaoa,35.46570107,55.8
1999,Whangaparaoa,25.09178643,51.8
2000,Whangaparaoa,31.7377313,90
2001,Whangaparaoa,32.22010728,66.4
2002,Whangaparaoa,14.6263911,33.4
2003,Whangaparaoa,9.054501132,39.2
2004,Whangaparaoa,17.80565643,53.8
2005,Whangaparaoa,21.45313367,57
2006,Whangaparaoa,33.62989324,74.4
2007,Whangaparaoa,23.70572207,145
2008,Whangaparaoa,25.32180949,54
2009,Whangaparaoa,27.90178571,70.2
2010,Whangaparaoa,31.46451938,80.6
2011,Whangaparaoa,33.01031572,149.6
2012,Whangaparaoa,25.99760575,50
2013,Whangaparaoa,23.6328125,52.2
2014,Whangaparaoa,22.33092301,56.2
2015,Whangaparaoa,17.55617978,58.8
2016,Whangaparaoa,36.64921466,104.4
1960,Whangarei,40.82157234,98.7
1961,Whangarei,33.98740135,88.1
1962,Whangarei,30.85457271,103.7
1963,Whangarei,29.40602909,82.4
1964,Whangarei,20.52074858,69.4
1965,Whangarei,21.58655023,65.4
1966,Whangarei,26.26355344,127.3
1967,Whangarei,33.26825741,86.1
1968,Whangarei,31.92222222,94
1969,Whangarei,37.43258586,131.9
1970,Whangarei,33.08684578,113.9
1971,Whangarei,31.26646296,95.6
1972,Whangarei,32.15714805,73.8
1973,Whangarei,26.3202858,148.9
1974,Whangarei,45.15747255,127.2
1975,Whangarei,48.11768794,288
1976,Whangarei,38.61527889,106.9
1977,Whangarei,40.87754645,119.1
1978,Whangarei,38.54575657,107.2
1979,Whangarei,38.87514787,86.5
1980,Whangarei,34.74811583,131.5
1981,Whangarei,27.95722392,65.3
1982,Whangarei,32.76528461,86.2
1983,Whangarei,34.52540107,101.3
1984,Whangarei,27.78239778,92.1
1985,Whangarei,43.76291117,91.8
1986,Whangarei,25.7890549,77.3
1987,Whangarei,11.07959917,42.4
1988,Whangarei,32.24146586,109.6
1989,Whangarei,53.03699343,115.4
1990,Whangarei,16.42869891,50
1991,Whangarei,18.16056819,89.4
1992,Whangarei,18.89166734,58
1993,Whangarei,14.97348887,79
1994,Whangarei,9.500609013,78
1995,Whangarei,30.72355703,225
1996,Whangarei,35.70418552,118
1997,Whangarei,34.36696199,106.4
1998,Whangarei,32.69340159,83.4
1999,Whangarei,24.39609662,73.6
2000,Whangarei,51.95545539,148.6
2001,Whangarei,37.69288203,83
2002,Whangarei,31.4598473,75.6
2003,Whangarei,30.37316344,78.4
2004,Whangarei,18.06688418,56
2005,Whangarei,14.34678344,74.2
2006,Whangarei,47.14901773,76.8
2007,Whangarei,48.68677601,197.8
2008,Whangarei,29.65383846,97.2
2009,Whangarei,28.33269305,96.6
2010,Whangarei,22.19724067,83.2
2011,Whangarei,29.56454121,211.4
2012,Whangarei,39.05942399,133
2013,Whangarei,24.11235288,61.8
2014,Whangarei,54.01682311,93
2015,Whangarei,19.41941942,59
2016,Whangarei,17.41378771,56.2